https://github.com/KyLinOS/android_packages_apps_Settings-jb-mr1/archive/master.zip,
https://github.com/Jarcionek/MTG-Deck-Builder/archive/master.zip,
https://github.com/caseyjames/myJavaProjects/archive/master.zip,
https://github.com/alexyem0222/amazon/archive/master.zip,
https://github.com/DanyTlaw/Haggis/archive/master.zip,
https://github.com/markcwal/TwitterClient/archive/master.zip,
https://github.com/stefanil/JFXControls/archive/master.zip,
https://github.com/codylerum/simple-identity/archive/master.zip,
https://github.com/JPII/sandbox/archive/master.zip,
https://github.com/jfeinstein10/SlidingMenu/archive/master.zip,
https://github.com/panzb/my_repository/archive/master.zip,
https://github.com/sskjames/tamilunicodeconverter/archive/master.zip,
https://github.com/nivertius/perfectable/archive/master.zip,
https://github.com/sskjames/simpleopenlpimporter/archive/master.zip,
https://github.com/McCraftaholics/WarpPortals-AnalyticsServer/archive/master.zip,
https://github.com/Trololoshe4ki/Forest/archive/master.zip,
https://github.com/AppFactoryOrg/app-factory/archive/master.zip,
https://github.com/maxdemarzi/archetype_api/archive/master.zip,
https://github.com/JsonHunt/mobile-app-scaffolding/archive/master.zip,
https://github.com/Welon5656/media-app-for-android/archive/master.zip,
https://github.com/spininertia/w2v4j/archive/master.zip,
https://github.com/catoenm/E-MERGE/archive/master.zip,
https://github.com/yangqing0314/CircelProgressTime/archive/master.zip,
https://github.com/ftes/de.ftes.uon.seng2200.pa2/archive/master.zip,
https://github.com/springprojects/spring-boot-showcase/archive/master.zip,
https://github.com/tgibbons-students-css/VogellaDatabaseAsg10Start/archive/master.zip,
https://github.com/ShreyasRaj/IndiaPostPackageServiceRepo/archive/master.zip,
https://github.com/tsinux/JavaSE/archive/master.zip,
https://github.com/vanevery/JSON-with-gson-Example/archive/master.zip,
https://github.com/rmsor/waa_practice/archive/master.zip,
https://github.com/Superjisan/Stormy/archive/master.zip,
https://github.com/bbemis017/StudentManagement/archive/master.zip,
https://github.com/si-yao/chat-room/archive/master.zip,
https://github.com/billcchung/TaiwanCoffeePrices/archive/master.zip,
https://github.com/wangjia55/CircleChooseDisc/archive/master.zip,
https://github.com/ShinChven/SpringApp/archive/master.zip,
https://github.com/PunchApp/volley/archive/master.zip,
https://github.com/abtin/bigdata/archive/master.zip,
https://github.com/JvalantPatel/AvailabilityManager/archive/master.zip,
https://github.com/The-WUUSTER/Randoms/archive/master.zip,
https://github.com/noelmkawano/digits/archive/master.zip,
https://github.com/stephensanchez/familiar/archive/master.zip,
https://github.com/kutala/z_test/archive/master.zip,
https://github.com/thiguetta/elastiky-framework/archive/master.zip,
https://github.com/daixiaoyu/WenChuan/archive/master.zip,
https://github.com/coronalabs/plugins-source-native-popup-social/archive/master.zip,
https://github.com/coronalabs/plugins-source-google-iap-v3/archive/master.zip,
https://github.com/miguelslemos/Ecommerce/archive/master.zip,
https://github.com/TechplexEngineer/OmniNode/archive/master.zip,
https://github.com/EduardoCalle/ServiceBoot/archive/master.zip,
https://github.com/coronalabs/plugins-source-pasteboard/archive/master.zip,
https://github.com/IMORALESNW/HealthyApp/archive/master.zip,
https://github.com/neureal/noo4j-core/archive/master.zip,
https://github.com/neureal/noo4j-daemon/archive/master.zip,
https://github.com/brotherBear/aor-java-neo/archive/master.zip,
https://github.com/buremba/netty-rest/archive/master.zip,
https://github.com/butlersrepos/dungeon-digger/archive/master.zip,
https://github.com/JCDias/CadastroUsuarios/archive/master.zip,
https://github.com/jipson7/sortingComparison-ScalaVsJava/archive/master.zip,
https://github.com/bsergent/RealMail/archive/master.zip,
https://github.com/tecnomatico/AsistenciaTecnomatica/archive/master.zip,
https://github.com/mateobossio/Seguimiento-Disciplinario/archive/master.zip,
https://github.com/mathewreny/ARM230Compiler/archive/master.zip,
https://github.com/kennethlim206/wordFrequencyCalculator/archive/master.zip,
https://github.com/kennethlim206/worldFrequencyCalculator/archive/master.zip,
https://github.com/Complexible/stardog-spring/archive/master.zip,
https://github.com/bradfordkyle11/class-scheduler/archive/master.zip,
https://github.com/Stuv7CB/opticlabGUI/archive/master.zip,
https://github.com/xinyu-liu/Car-Park-System/archive/master.zip,
https://github.com/alexoro/android-root-device-detector/archive/master.zip,
https://github.com/mit09/my-mapreduce/archive/master.zip,
https://github.com/TymchenkoIvan/study/archive/master.zip,
https://github.com/MavenDevoxxFR2015/demos/archive/master.zip,
https://github.com/POMStrap/pomstrap3/archive/master.zip,
https://github.com/dcapwell/jmh-tests/archive/master.zip,
https://github.com/aaronchien/UCSD-Dining-Dollars/archive/master.zip,
https://github.com/icol2006/appCSV/archive/master.zip,
https://github.com/Tibolte/ElasticDownload/archive/master.zip,
https://github.com/Shanmathi1/MSGSP-implementation/archive/master.zip,
https://github.com/AlexAbraham1/YUClubs/archive/master.zip,
https://github.com/nikit-cpp/VkCachingPlayer/archive/master.zip,
https://github.com/pritamkesh/AccelerometerProject/archive/master.zip,
https://github.com/Lokistark/MyApplication/archive/master.zip,
https://github.com/AdaptiveSystem/finalproject/archive/master.zip,
https://github.com/acl9es/GhostHunter/archive/master.zip,
https://github.com/BrassGoggledCoders/FantasyKingdoms/archive/master.zip,
https://github.com/Bobberclobber/Simple-Platform-Game/archive/master.zip,
https://github.com/c-mars/future.sample/archive/master.zip,
https://github.com/bweisiger15/Tic-Tac-Toe/archive/master.zip,
https://github.com/edfullest/Mi-Primera-Applet/archive/master.zip,
https://github.com/PIfagor/Checkers/archive/master.zip,
https://github.com/ronak1790/Contested_Massive_Multiplayer_Online_Role_Playing_Game/archive/master.zip,
https://github.com/pablobastidasv/JaasJEE/archive/master.zip,
https://github.com/arek3108/nowe/archive/master.zip,
https://github.com/edubossa/WebSocket/archive/master.zip,
https://github.com/remgodow/ngnProject/archive/master.zip,
https://github.com/wujek-srujek/Conti/archive/master.zip,
https://github.com/OskarJJ/MyCompass/archive/master.zip,
https://github.com/yiminliu/CollegeSearch/archive/master.zip,
https://github.com/Shidachi2805/CC_EatGateAndroidApp/archive/master.zip,
https://github.com/cchevez/TP1_POO_Parqueo/archive/master.zip,
https://github.com/halfjew22/CountdownTimer/archive/master.zip,
https://github.com/sergiokulchytsky/oracle_jdbc_client/archive/master.zip,
https://github.com/Freezard/android-robber-translator/archive/master.zip,
https://github.com/jasper-lu/FillToggleButton/archive/master.zip,
https://github.com/raphapacheco/FinFacil/archive/master.zip,
https://github.com/RemyBaroukh/BurgerQuiz/archive/master.zip,
https://github.com/avoajaugochukwu/Android.tut/archive/master.zip,
https://github.com/tammert/RemoteControl/archive/master.zip,
https://github.com/Freezard/android-custom-dialer/archive/master.zip,
https://github.com/kevinmoses/NoteApp2/archive/master.zip,
https://github.com/ccguzmane/30---03-Crew-12/archive/master.zip,
https://github.com/Padni/spawncamping-octo-dubstep/archive/master.zip,
https://github.com/NanodegreeStudent/make-your-own-android-app_2/archive/master.zip,
https://github.com/Freezard/android-minhembio/archive/master.zip,
https://github.com/janispauls/ringzer0team-java/archive/master.zip,
https://github.com/NanodegreeStudent/make-your-own-android-app_1/archive/master.zip,
https://github.com/terrabl/Twitch/archive/master.zip,
https://github.com/developer-jox/Recursion/archive/master.zip,
https://github.com/sluggishgoat/HVAC2/archive/master.zip,
https://github.com/shred/feinrip/archive/master.zip,
https://github.com/kingnina/Computer-Networks/archive/master.zip,
https://github.com/undvictor/pfi3_2015_Victor_L/archive/master.zip,
https://github.com/kaceyjryan/Chatnonymous/archive/master.zip,
https://github.com/RyanJamesMcLeod/JavaWebAssignment6/archive/master.zip,
https://github.com/richardwxn/Machine-Learning-badge-game-classifier/archive/master.zip,
https://github.com/richardwxn/Text-processing-Html-file-Parse/archive/master.zip,
https://github.com/boulderalf/markdown2mm/archive/master.zip,
https://github.com/raveeshbhalla/Hermes/archive/master.zip,
https://github.com/Gosunet/Top10Downloader/archive/master.zip,
https://github.com/cgutierrez15/Making-Bank-Game/archive/master.zip,
https://github.com/Dreistein/JASENS/archive/master.zip,
https://github.com/Fructokinase/SpringClient/archive/master.zip,
https://github.com/EmaCorrea/Vigenere-Cipher/archive/master.zip,
https://github.com/gamerszvidx/developmentKleurentest/archive/master.zip,
https://github.com/ReikaKalseki/TerritoryZone/archive/master.zip,
https://github.com/lenskit/lenskit-graphchi/archive/master.zip,
https://github.com/ClockM/Console-Games-for-Eclipse/archive/master.zip,
https://github.com/nico19/com.mssql_jdbc_client/archive/master.zip,
https://github.com/d0k1/gwt.phonebook/archive/master.zip,
https://github.com/WestwoodRobotics/robot-recyclerush/archive/master.zip,
https://github.com/jarroba/Map_jarroba/archive/master.zip,
https://github.com/lydiaSidhom/ca-us/archive/master.zip,
https://github.com/d0k1/plural-java/archive/master.zip,
https://github.com/EasyITCourse/dao_fabric_method/archive/master.zip,
https://github.com/stnc/java-laboratory-gui/archive/master.zip,
https://github.com/TomWerner/NewBusApp/archive/master.zip,
https://github.com/mattlevan/Library/archive/master.zip,
https://github.com/bashizip/andromed/archive/master.zip,
https://github.com/yitaohu/cs61b_project1/archive/master.zip,
https://github.com/lifengliu/2048_java_fx/archive/master.zip,
https://github.com/nicolas-legroux/HashCode2015-Prefinal/archive/master.zip,
https://github.com/przodownikR1/dbSourcePerformance/archive/master.zip,
https://github.com/Tackwin/Tackwin/archive/master.zip,
https://github.com/phdabel/rcr-maslab/archive/master.zip,
https://github.com/Mandrivia/fhc2015/archive/master.zip,
https://github.com/futureproofd/dagger-test/archive/master.zip,
https://github.com/msoftware/ape-physics-for-android/archive/master.zip,
https://github.com/ultiferrago/BarAPI/archive/master.zip,
https://github.com/phdabel/abstract-simulator/archive/master.zip,
https://github.com/AlexZapolski/Maven/archive/master.zip,
https://github.com/CaptainSpam/drivelapse/archive/master.zip,
https://github.com/bashizip/haraka/archive/master.zip,
https://github.com/TheTemportalist/ThaumicExpansion/archive/master.zip,
https://github.com/SeagateNSBM/RealEstate/archive/master.zip,
https://github.com/voxelcarrot/MandelbrotMaps/archive/master.zip,
https://github.com/gpfjeff/android-ppp/archive/master.zip,
https://github.com/shareme/GWSViewModel/archive/master.zip,
https://github.com/frigidrain/planomatic/archive/master.zip,
https://github.com/Tiedye/SchoolProjects/archive/master.zip,
https://github.com/igorgatis/compress-j2me/archive/master.zip,
https://github.com/20zinnm/EasterEggs/archive/master.zip,
https://github.com/revern/revern_java_tasks/archive/master.zip,
https://github.com/memotoro/component-based-development/archive/master.zip,
https://github.com/sneek0r/Sport-Tracker/archive/master.zip,
https://github.com/e-sullivan9/Tutor/archive/master.zip,
https://github.com/memotoro/battleship-design-patterns/archive/master.zip,
https://github.com/crdpacversailles/apiscol-seek/archive/master.zip,
https://github.com/android-awesome/Awesome-Material/archive/master.zip,
https://github.com/3im/CodeCommit/archive/master.zip,
https://github.com/pescuma/abcg/archive/master.zip,
https://github.com/phandaarpit/Neural-Network/archive/master.zip,
https://github.com/kristiansl/travisci_localhost_demo/archive/master.zip,
https://github.com/fluescher/functional-java-from-scratch/archive/master.zip,
https://github.com/karstenroberts/Assignment-12/archive/master.zip,
https://github.com/teohrt/Projects/archive/master.zip,
https://github.com/cybergrind/TappTwo/archive/master.zip,
https://github.com/gmousset/spring-hotconf/archive/master.zip,
https://github.com/luizrogeriocn/tcp-udp-load-balancer/archive/master.zip,
https://github.com/krodyrobi/DACSS/archive/master.zip,
https://github.com/pintergreg/bloomfilter/archive/master.zip,
https://github.com/Zolomon/TowerDefence/archive/master.zip,
https://github.com/pc3356/dupree/archive/master.zip,
https://github.com/NGitK/CA2Emoji/archive/master.zip,
https://github.com/ImSyk02/Pong/archive/master.zip,
https://github.com/danvo/CriminalIntent-tut/archive/master.zip,
https://github.com/sukisoft/WineShelf/archive/master.zip,
https://github.com/Precel/Analytics-Example-Android/archive/master.zip,
https://github.com/edumar7111/Prueba/archive/master.zip,
https://github.com/umple-ucosp/umpr.core/archive/master.zip,
https://github.com/marceremus/Tuto_fond/archive/master.zip,
https://github.com/yandex-disk/yandex-disk-restapi-java/archive/master.zip,
https://github.com/dezouzart/CDZ/archive/master.zip,
https://github.com/krisnaru/Problem-solving-using-java/archive/master.zip,
https://github.com/oksana1969/Lab5/archive/master.zip,
https://github.com/code-entractive/bal-com/archive/master.zip,
https://github.com/eduardotorres/AtividadeJava/archive/master.zip,
https://github.com/anaselhajjaji/android-samples/archive/master.zip,
https://github.com/chanueting/jahmm/archive/master.zip,
https://github.com/welintonborges/projetojsf/archive/master.zip,
https://github.com/online-solutions/AndroidStreamVideo/archive/master.zip,
https://github.com/ericgarber/macowin/archive/master.zip,
https://github.com/isternberg/JavaDesignPatterns/archive/master.zip,
https://github.com/patriciocordova/streaming/archive/master.zip,
https://github.com/nmquirk/Struts2-SimpleDemo/archive/master.zip,
https://github.com/c-mars/JavaSynchronizationSample/archive/master.zip,
https://github.com/BoopathyBalakrishnan/RainbowMobiles/archive/master.zip,
https://github.com/Deep21/GitHubTest/archive/master.zip,
https://github.com/frederikhappel/activecheck/archive/master.zip,
https://github.com/HendersonA/Veiculos/archive/master.zip,
https://github.com/HendersonA/Google/archive/master.zip,
https://github.com/pralav/BluetoothMesh/archive/master.zip,
https://github.com/HendersonA/Locadora/archive/master.zip,
https://github.com/HendersonA/Scuderia-Ferrari/archive/master.zip,
https://github.com/dsyer/gs-spring-boot-docker/archive/master.zip,
https://github.com/inur93/DistributedSystems/archive/master.zip,
https://github.com/ibauersachs/sdes4j/archive/master.zip,
https://github.com/RomanStoyko/AppBuild/archive/master.zip,
https://github.com/jamesread/yappy/archive/master.zip,
https://github.com/solohsu/Java7ConcurrencyCookbook/archive/master.zip,
https://github.com/lorinczpatrik/Tema2/archive/master.zip,
https://github.com/YourTradingSystems/Apprento-android/archive/master.zip,
https://github.com/IceShirok/CS1331-JavaLambdas/archive/master.zip,
https://github.com/marhaus/optional/archive/master.zip,
https://github.com/IllegalCactus/MUD/archive/master.zip,
https://github.com/mountunion/MUProject/archive/master.zip,
https://github.com/frontiertsymbal/giphy/archive/master.zip,
https://github.com/DimaNJF/project-examples-gradle2/archive/master.zip,
https://github.com/uqbar-project/uqbar-class-descriptor/archive/master.zip,
https://github.com/intactsnow/hadoop-wiki-LPA/archive/master.zip,
https://github.com/androhi/TriedMaterialDesignApp/archive/master.zip,
https://github.com/dongyuxi/LeetCode/archive/master.zip,
https://github.com/danvo/opengl-tut/archive/master.zip,
https://github.com/iamszabo/rest-service/archive/master.zip,
https://github.com/JonCubed/teamcity-pull-request-notifier/archive/master.zip,
https://github.com/nutgaard/NFPA-704/archive/master.zip,
https://github.com/medalibettaieb/rent-car-repo/archive/master.zip,
https://github.com/anoasis/junit-javabean-runner/archive/master.zip,
https://github.com/masterplan333/LogisticaForraje/archive/master.zip,
https://github.com/neguewatt/LecteurMediaEPSI/archive/master.zip,
https://github.com/liute62/Killers-of-Three-Kingdoms/archive/master.zip,
https://github.com/satoru2/szklib/archive/master.zip,
https://github.com/beast1944/Finana/archive/master.zip,
https://github.com/RobertBorg/DropAndTransfer/archive/master.zip,
https://github.com/basho-labs/riakcs-java-client/archive/master.zip,
https://github.com/DImuthuUpe/svnConnector/archive/master.zip,
https://github.com/afik/Elliptical-Curve-Cryptography/archive/master.zip,
https://github.com/cooervo/MVC-JSP-Servlets-EmailList-WebApp/archive/master.zip,
https://github.com/DImuthuUpe/SvnAccessManager/archive/master.zip,
https://github.com/sidahmedbenkhaoua/app-server/archive/master.zip,
https://github.com/jakehemmerle/java-labs/archive/master.zip,
https://github.com/adostic/infobip-internship/archive/master.zip,
https://github.com/juancki/ThreeOnThree/archive/master.zip,
https://github.com/ath01/SendSms/archive/master.zip,
https://github.com/shelajev/ziprebel/archive/master.zip,
https://github.com/double0291/DreamLand/archive/master.zip,
https://github.com/samyboy89/NonTouchRecyclerView/archive/master.zip,
https://github.com/luoyang9/Movie-Theatre-Project/archive/master.zip,
https://github.com/mandiecohoon/SoundOfSilence/archive/master.zip,
https://github.com/fbrass/jse-mysql-tabellenapp/archive/master.zip,
https://github.com/sarxos/exchange-rates-api/archive/master.zip,
https://github.com/juancamba/prueba/archive/master.zip,
https://github.com/yojek/jmx-sflow-agent/archive/master.zip,
https://github.com/englund/eda095/archive/master.zip,
https://github.com/OrangeJudge/oj_judge_x/archive/master.zip,
https://github.com/kellenlask/PairwiseComparison/archive/master.zip,
https://github.com/liulinru13/MyUserDefinedView/archive/master.zip,
https://github.com/fbrass/inventory-change-app/archive/master.zip,
https://github.com/blackb00m/SmartskedApp/archive/master.zip,
https://github.com/TuxedoMaskMasterRace/FinalProject/archive/master.zip,
https://github.com/MasterCommander/FinalProject/archive/master.zip,
https://github.com/Kendanware/jme3-taskloader/archive/master.zip,
https://github.com/Rothens/QuestLib/archive/master.zip,
https://github.com/infinispan/proto8/archive/master.zip,
https://github.com/AdityaNG/PiCast/archive/master.zip,
https://github.com/vishnuprabhu-g/Cloud/archive/master.zip,
https://github.com/fbrass/activi-derby-soap-service/archive/master.zip,
https://github.com/groupe-sii/devoxx-2015-game-back-ext/archive/master.zip,
https://github.com/leekyounghie/2014-11-16_Material_Navigation_Drawer/archive/master.zip,
https://github.com/K0m1k/FirstWebServiceClient/archive/master.zip,
https://github.com/maschmid/ha-ejb-counter/archive/master.zip,
https://github.com/Pachouri-Sikandar/WeatherApp/archive/master.zip,
https://github.com/CRAndrei90/Test/archive/master.zip,
https://github.com/alessandro-montanari/progettosistemidistribuiti/archive/master.zip,
https://github.com/realgwyn/commons-utils/archive/master.zip,
https://github.com/senft/smplWeather/archive/master.zip,
https://github.com/matero/ae/archive/master.zip,
https://github.com/gavinhub/CVRP_GA/archive/master.zip,
https://github.com/Graylog2/graylog-alarmcallback-rundeck/archive/master.zip,
https://github.com/jaspercastillo/asserteasy/archive/master.zip,
https://github.com/Kevin-unipe/1-lista-do-1-estagio-Unipe/archive/master.zip,
https://github.com/n11com/AndroidEndlessAdapter/archive/master.zip,
https://github.com/timesheetIO/Android-API/archive/master.zip,
https://github.com/mscg82/jmp3-tag-editor/archive/master.zip,
https://github.com/xavireig/ThePlayersTribune/archive/master.zip,
https://github.com/MariadeAnton/conversando/archive/master.zip,
https://github.com/oritomov/autowiring/archive/master.zip,
https://github.com/georgetommy/VocabWorld/archive/master.zip,
https://github.com/azaky/EllipticCurveCryptography/archive/master.zip,
https://github.com/mickybart/android_external_koush_Widgets/archive/master.zip,
https://github.com/fancyfrog/play-authentication-system/archive/master.zip,
https://github.com/eeleren/migrationtool/archive/master.zip,
https://github.com/TIQSolutions/HDFSProvider/archive/master.zip,
https://github.com/eNIXsolution/animated-gifs-in-android/archive/master.zip,
https://github.com/wpradnyana/acceleo-jee/archive/master.zip,
https://github.com/hpu-spring87/HpuVoiceApp/archive/master.zip,
https://github.com/Winnie90/AndroidTester/archive/master.zip,
https://github.com/tajchert/CheatWear/archive/master.zip,
https://github.com/awdt/flume-ng-sink/archive/master.zip,
https://github.com/pinguo-zhangshuchun/CameraDemo/archive/master.zip,
https://github.com/heiai/wust/archive/master.zip,
https://github.com/ubicity-devs/ubicity-twitter/archive/master.zip,
https://github.com/ubicity-devs/ubicity-uima/archive/master.zip,
https://github.com/ubicity-devs/ubicity-jspf/archive/master.zip,
https://github.com/ubicity-devs/ubicity-rss/archive/master.zip,
https://github.com/ubicity-devs/ubicity-rest/archive/master.zip,
https://github.com/ubicity-devs/ubicity-graph/archive/master.zip,
https://github.com/vaadin/gwt-polymer/archive/master.zip,
https://github.com/ubicity-devs/ubicity-facebook/archive/master.zip,
https://github.com/ubicity-devs/ubicity-flickr/archive/master.zip,
https://github.com/ubicity-devs/ubicity-email/archive/master.zip,
https://github.com/ubicity-devs/ubicity-es-on-demand/archive/master.zip,
https://github.com/ubicity-devs/ubicity-elasticsearch/archive/master.zip,
https://github.com/ubicity-devs/ubicity-crawler/archive/master.zip,
https://github.com/ubicity-devs/ubicity-couchbase/archive/master.zip,
https://github.com/ubicity-devs/ubicity-commons/archive/master.zip,
https://github.com/ubicity-devs/ubicity-core/archive/master.zip,
https://github.com/BoBinLee/Skhu.Server/archive/master.zip,
https://github.com/ubicity-devs/ubicity-broker/archive/master.zip,
https://github.com/adarrivi/boot-jbehave/archive/master.zip,
https://github.com/obogovyk/cvu/archive/master.zip,
https://github.com/Tommyatkins/tommyatkins/archive/master.zip,
https://github.com/unix-junkie/synctimestamps/archive/master.zip,
https://github.com/advantageous/guicefx/archive/master.zip,
https://github.com/DHIS2/dhis2-android-datacapture/archive/master.zip,
https://github.com/kinneyyan/36krReader/archive/master.zip,
https://github.com/RyanTheAllmighty/AllmightyBot---Java/archive/master.zip,
https://github.com/IISH/SolrMarc_GenericVuFind/archive/master.zip,
https://github.com/larswillrich/DataManager/archive/master.zip,
https://github.com/averhulst/Crawler-Node/archive/master.zip,
https://github.com/puniverse/JettyWebActor/archive/master.zip,
https://github.com/ffppmm/jdbcdecorator/archive/master.zip,
https://github.com/hassanfikri/1441180055TugasPBO/archive/master.zip,
https://github.com/c3o4/ColorWithCamera/archive/master.zip,
https://github.com/Pyknic/SocialPhotoNetworkClient/archive/master.zip,
https://github.com/Pyknic/SocialPhotoNetworkServer/archive/master.zip,
https://github.com/FelixOngati/id3-decision-tree/archive/master.zip,
https://github.com/xianlinbox/HystrixDemo/archive/master.zip,
https://github.com/groopic/ingrain-sdk-android/archive/master.zip,
https://github.com/cyanskies/ice-meltdown/archive/master.zip,
https://github.com/felmur/silenceringer/archive/master.zip,
https://github.com/aesteve/vertx-hibernate-service/archive/master.zip,
https://github.com/samuelort/Lab2/archive/master.zip,
https://github.com/tangjian19900607/Gimbal/archive/master.zip,
https://github.com/pfyuit/pfyuit.learning/archive/master.zip,
https://github.com/akdarrah/video_wall/archive/master.zip,
https://github.com/Vurbanov/Algorithms-and-Data-Structures/archive/master.zip,
https://github.com/pengzhang/sjsw/archive/master.zip,
https://github.com/faithcreates-tuesday/meowziq-android/archive/master.zip,
https://github.com/liangfu/achartengine/archive/master.zip,
https://github.com/jiyuan312986471/ExerciceJUnit/archive/master.zip,
https://github.com/parshyvikot/drunkProject/archive/master.zip,
https://github.com/nwtgck/BindableAndroid/archive/master.zip,
https://github.com/andreea-tita/PracticalTest01/archive/master.zip,
https://github.com/JWBAK/Class-Projects/archive/master.zip,
https://github.com/Guanyi/AndroidAssign2/archive/master.zip,
https://github.com/jack3528/watch_touch/archive/master.zip,
https://github.com/ahielg/yahadut/archive/master.zip,
https://github.com/markatithinkbest/tcnr_final-master/archive/master.zip,
https://github.com/itot0103/Koala/archive/master.zip,
https://github.com/jcuanm/Haggle/archive/master.zip,
https://github.com/zyq001/leetcode/archive/master.zip,
https://github.com/nefiga/AppMe/archive/master.zip,
https://github.com/dragosdmtrsc/PracticalTest01/archive/master.zip,
https://github.com/worldwise001/ap2pc/archive/master.zip,
https://github.com/KenyStev/ChessChaturanga/archive/master.zip,
https://github.com/sdeo/protobuf-socket-rpc/archive/master.zip,
https://github.com/alexandracisneros/MidnightWatcher/archive/master.zip,
https://github.com/rkapa2006/EmiCalculator/archive/master.zip,
https://github.com/bitcrystal/decentralized_exchange/archive/master.zip,
https://github.com/xujinping/FloatButton/archive/master.zip,
https://github.com/clear2zero/KSYMediaPlayer/archive/master.zip,
https://github.com/onier/CloudStakClient/archive/master.zip,
https://github.com/Ivan-Masli-GDP/Play/archive/master.zip,
https://github.com/ganzhijie/myviewpager1/archive/master.zip,
https://github.com/eungju/cylon/archive/master.zip,
https://github.com/isaacguo/ShareLocation/archive/master.zip,
https://github.com/srivathsarao/real-estate-net/archive/master.zip,
https://github.com/Lauszus/LaunchPadFlightControllerAndroid/archive/master.zip,
https://github.com/sfe2014/PullDownToRefresh/archive/master.zip,
https://github.com/noman404/Android-GPS-tracking/archive/master.zip,
https://github.com/kennylee26/ik-expression/archive/master.zip,
https://github.com/JesusLuqueMedina/Java-Desde-Cero/archive/master.zip,
https://github.com/WenbangWang/CTCI/archive/master.zip,
https://github.com/SimonFM/Chat-room/archive/master.zip,
https://github.com/endangh/kplbo/archive/master.zip,
https://github.com/avelit/ConvertToReversePolishNotation/archive/master.zip,
https://github.com/compgen-io/cgseq/archive/master.zip,
https://github.com/sinch/java-sign-requests/archive/master.zip,
https://github.com/compgen-io/compgen-common/archive/master.zip,
https://github.com/Sayujya/MaterialCompass/archive/master.zip,
https://github.com/stickfigure/unsuck/archive/master.zip,
https://github.com/sheryanresutov/Set/archive/master.zip,
https://github.com/ricardocaldeira/ProjetoIntegradorIesbOeste/archive/master.zip,
https://github.com/tliu17/StringMatching/archive/master.zip,
https://github.com/zhangruoxu/COMP9102/archive/master.zip,
https://github.com/allati/asciidoctor-extension-monotree/archive/master.zip,
https://github.com/ashdavies/staerke/archive/master.zip,
https://github.com/blacklocus/aws-util/archive/master.zip,
https://github.com/martincameron/micromod/archive/master.zip,
https://github.com/chloette/how-to-demo/archive/master.zip,
https://github.com/jamie23/countdown/archive/master.zip,
https://github.com/muazahamd/RCP_Application/archive/master.zip,
https://github.com/dimzak/caviar.io/archive/master.zip,
https://github.com/xiang-shanghai/IdentityValidation/archive/master.zip,
https://github.com/winlandiano/Nextdate-AndroidVersion/archive/master.zip,
https://github.com/formychar/SENG/archive/master.zip,
https://github.com/PriyaNegi/VwPagerWdImagesLibrary/archive/master.zip,
https://github.com/allen-dolph/f1Results/archive/master.zip,
https://github.com/sampoop23/7788_ZrcListView/archive/master.zip,
https://github.com/yxhuangCH/runtracker/archive/master.zip,
https://github.com/dineshswamy/practo-shuzuka/archive/master.zip,
https://github.com/davidkam/TurtlePartyWagon/archive/master.zip,
https://github.com/isince/DictSV_3/archive/master.zip,
https://github.com/zyq001/RNG-Algorithm-for-topology-building/archive/master.zip,
https://github.com/zhangchaoxu/MoneyKiller/archive/master.zip,
https://github.com/bowser123467/Music-Box/archive/master.zip,
https://github.com/silbmarks/ds-sim/archive/master.zip,
https://github.com/bmzhao/HackerRank/archive/master.zip,
https://github.com/neuhalje/aes_padding_oracle_attack/archive/master.zip,
https://github.com/ey-/logic16-hwr-aje/archive/master.zip,
https://github.com/janghj12000/tiff_file_reader/archive/master.zip,
https://github.com/VikeHsu/FlashCards/archive/master.zip,
https://github.com/thomaszheng/UserManager/archive/master.zip,
https://github.com/SalesforceEng/coyote/archive/master.zip,
https://github.com/janghj12000/wav_file_reader/archive/master.zip,
https://github.com/fysteven/NextMoveForReversi/archive/master.zip,
https://github.com/mithunkumarnallu/CPU-Scheduling-Algos-Simulation-Using-Threads/archive/master.zip,
https://github.com/ColdSauce/Molar-Mass-Calculator/archive/master.zip,
https://github.com/tomorrowkey/android-gifview/archive/master.zip,
https://github.com/juancoba/mubs/archive/master.zip,
https://github.com/Path-of-ownage/LoL-Mathcraft-Server/archive/master.zip,
https://github.com/badaljain/greenfoor/archive/master.zip,
https://github.com/knowyournumbers/numbers-android/archive/master.zip,
https://github.com/ayushhgoyal/AcraSample/archive/master.zip,
https://github.com/lsparlin/jetty-sandbox/archive/master.zip,
https://github.com/Notze/RedstoneSwords/archive/master.zip,
https://github.com/ctam68/Tetris/archive/master.zip,
https://github.com/KenyStev/Gato/archive/master.zip,
https://github.com/ninthworld/Octree/archive/master.zip,
https://github.com/AltrixApp/Altrix_Rev_1.0/archive/master.zip,
https://github.com/swapneshgandhi/JavaCodeExamples/archive/master.zip,
https://github.com/Aleat0r/Simple_Gallery/archive/master.zip,
https://github.com/KenyStev/Algoritmos/archive/master.zip,
https://github.com/bd2319wv/HVAC-GUI/archive/master.zip,
https://github.com/xujiabin/jiabinzolback/archive/master.zip,
https://github.com/UberHowley/self-efficacy-condition-assigner/archive/master.zip,
https://github.com/brandonPauly/Namer/archive/master.zip,
https://github.com/PhilHawkins/MoTrails/archive/master.zip,
https://github.com/kdkanishka/SpringJDBCTemplateDemo/archive/master.zip,
https://github.com/brandonPauly/DanceBattle/archive/master.zip,
https://github.com/KenyStev/Programacion2/archive/master.zip,
https://github.com/jeo/proj4j/archive/master.zip,
https://github.com/acecheese/JoinChanger/archive/master.zip,
https://github.com/hosain-fouad/ArabicBraille/archive/master.zip,
https://github.com/zlim/scimark2/archive/master.zip,
https://github.com/ljdescour/MyApplication/archive/master.zip,
https://github.com/Cast324/MovieList/archive/master.zip,
https://github.com/dkmeteor/PathEffectTextView/archive/master.zip,
https://github.com/mkns/JavaDbConnectionPooling/archive/master.zip,
https://github.com/pwr2012-zpisync/zpisync/archive/master.zip,
https://github.com/pradyumnad/YAGO-Lab/archive/master.zip,
https://github.com/pc-purna/mySELF/archive/master.zip,
https://github.com/caroljardims/trab_sockets/archive/master.zip,
https://github.com/harithan81/https---github.com-harithan81-library-management/archive/master.zip,
https://github.com/Morteza/time/archive/master.zip,
https://github.com/asciidoctor/asciidoctor-gradle-examples/archive/master.zip,
https://github.com/patrick478/ffdubot/archive/master.zip,
https://github.com/Lope922/HVACweek10GUI/archive/master.zip,
https://github.com/changjieyang/GoogleWearable/archive/master.zip,
https://github.com/alkatena/avioncitos-bizarros/archive/master.zip,
https://github.com/sarvex/Snow/archive/master.zip,
https://github.com/xbliang/Flyp-IMS/archive/master.zip,
https://github.com/asleepcat/Automatically-generated-pdf-report/archive/master.zip,
https://github.com/DunnR/CSC-300-5/archive/master.zip,
https://github.com/EugeneHoran/RecyclerView-Example/archive/master.zip,
https://github.com/howyongjun/JenkinsTest/archive/master.zip,
https://github.com/EduwHS/spring-webapp/archive/master.zip,
https://github.com/mickyr/Awesome-Counter/archive/master.zip,
https://github.com/alanbarbosagyn/sunshine/archive/master.zip,
https://github.com/VickyPatel/Java-Term-Project/archive/master.zip,
https://github.com/divinebooger/brady/archive/master.zip,
https://github.com/LegendxFire/Who-Is-Responding-/archive/master.zip,
https://github.com/robsonluz/Android-SQLite/archive/master.zip,
https://github.com/codecrushing/java8/archive/master.zip,
https://github.com/kellenlask/BreakAwayGame/archive/master.zip,
https://github.com/vishalvinayak/Sudoku/archive/master.zip,
https://github.com/vishalvinayak/Minesweeper/archive/master.zip,
https://github.com/lippxd/ProjetoBoot/archive/master.zip,
https://github.com/vivin/lenski/archive/master.zip,
https://github.com/jbbrown93/Checkers/archive/master.zip,
https://github.com/vishalvinayak/TajMahalGame/archive/master.zip,
https://github.com/jason0539/LockLock/archive/master.zip,
https://github.com/voum/PipeHype/archive/master.zip,
https://github.com/Gaurang033/Webdriver-Data-Driven-Framework/archive/master.zip,
https://github.com/clhernandez/L1_JavaRMI/archive/master.zip,
https://github.com/jdague9/baseball/archive/master.zip,
https://github.com/PrudhviRaju123/Uakron/archive/master.zip,
https://github.com/anubiann00b/Charms/archive/master.zip,
https://github.com/MuffinUprising/HVACLab10/archive/master.zip,
https://github.com/JosiahLFinger/TicketManagerGUI/archive/master.zip,
https://github.com/flypigrmvb/android-wheel/archive/master.zip,
https://github.com/ivanmarban/spring-boot-movies-restful/archive/master.zip,
https://github.com/parthtejani/periodic-subgraph-miner/archive/master.zip,
https://github.com/sugarcoder/gps-location/archive/master.zip,
https://github.com/DurianSUN/designPatterns/archive/master.zip,
https://github.com/DougieFresh93/FinalProject/archive/master.zip,
https://github.com/pivotalsoftware/github-cla-integration/archive/master.zip,
https://github.com/OptiPop/packages_apps_ScreenRecorder/archive/master.zip,
https://github.com/jalpan-randeri/map-reduce/archive/master.zip,
https://github.com/harrydet/WakeUp/archive/master.zip,
https://github.com/tracikamp/AlarmManager/archive/master.zip,
https://github.com/humbertomorales/omar/archive/master.zip,
https://github.com/cassiobotaro/trabalho_ltp3/archive/master.zip,
https://github.com/harazimb/Ap/archive/master.zip,
https://github.com/mwedgwood/hibernate-envers/archive/master.zip,
https://github.com/boydjohnson/HVACgui/archive/master.zip,
https://github.com/Gandalf1209/tactics/archive/master.zip,
https://github.com/jglewis93/RestroomRadar/archive/master.zip,
https://github.com/bradyTronics/PS4/archive/master.zip,
https://github.com/weichenjushi/dwr.helloworld/archive/master.zip,
https://github.com/jalpan-randeri/data-mining/archive/master.zip,
https://github.com/terahunt/InfectionPreventionSource/archive/master.zip,
https://github.com/marcoszh/CORBATest/archive/master.zip,
https://github.com/djmpink/car-project/archive/master.zip,
https://github.com/pilotpol/classicrpg2/archive/master.zip,
https://github.com/GiDev/Wearun_ToDo/archive/master.zip,
https://github.com/wangjia55/ZoomImageView/archive/master.zip,
https://github.com/michaelkleinhenz/LibGdxAndroidWear/archive/master.zip,
https://github.com/cavedweller/petrarchmobile/archive/master.zip,
https://github.com/AdminD17/ExtraClass/archive/master.zip,
https://github.com/phillipse21/Yoga/archive/master.zip,
https://github.com/sambenison66/Order-Statistic-and-Sorting-using-Java/archive/master.zip,
https://github.com/inator/mAdserve-Android-SDK/archive/master.zip,
https://github.com/AlecinVan/kafkaTridentPostgres/archive/master.zip,
https://github.com/Dubbinary/pr3_annotations/archive/master.zip,
https://github.com/SkhuSoft/news-batch/archive/master.zip,
https://github.com/edwinparrales/JavaPersonal/archive/master.zip,
https://github.com/jlpeyton/Project4/archive/master.zip,
https://github.com/VladisBelov/SuperAds/archive/master.zip,
https://github.com/AlecinVan/kafka-storm-metrics/archive/master.zip,
https://github.com/fadihub/event-bus-system-qbit/archive/master.zip,
https://github.com/tkleisas/monolithandroid/archive/master.zip,
https://github.com/clrung/Wordgame/archive/master.zip,
https://github.com/eevans/lzma-performance/archive/master.zip,
https://github.com/qianliwang/pa3/archive/master.zip,
https://github.com/licongcq/Androidwear_test/archive/master.zip,
https://github.com/isaiahyoon/CodeU/archive/master.zip,
https://github.com/araqnid/jersey2-guice-simple/archive/master.zip,
https://github.com/tatosjb/TrabalhoM1Elieser3/archive/master.zip,
https://github.com/nurkiewicz/wjug-money/archive/master.zip,
https://github.com/nessalauren5/Project4_6310/archive/master.zip,
https://github.com/ibridgham/SailingAdventures/archive/master.zip,
https://github.com/obontika/Sailing_Adventures/archive/master.zip,
https://github.com/KenCzech/SailingAdventure/archive/master.zip,
https://github.com/justinonstine/DoEeet/archive/master.zip,
https://github.com/cleidisonj/iBar2/archive/master.zip,
https://github.com/Raydond123/SuperheroPvP/archive/master.zip,
https://github.com/mbonaci/gwt-payload-deserializer/archive/master.zip,
https://github.com/Dormir/reizouko/archive/master.zip,
https://github.com/xianc/Sudoku-Solver/archive/master.zip,
https://github.com/EddyCerpa/Game-Wall-e/archive/master.zip,
https://github.com/gfx/AndroidStudioBug-AwtInGradle/archive/master.zip,
https://github.com/leoplucs/IMC/archive/master.zip,
https://github.com/LikeLikeAteMyShield/StandardFactoryPattern/archive/master.zip,
https://github.com/mitchellFlorman/Sailing_Adventures/archive/master.zip,
https://github.com/jogold9/WeatherBuddy/archive/master.zip,
https://github.com/ric113/Course-Compiler/archive/master.zip,
https://github.com/xianc/Search-Engine/archive/master.zip,
https://github.com/haveacookieonme/SailingAdventures/archive/master.zip,
https://github.com/MikeLydeamore/CoFHCore/archive/master.zip,
https://github.com/erito/cameraview/archive/master.zip,
https://github.com/kean0212/experimentOne/archive/master.zip,
https://github.com/tuanhq/cms-6x17/archive/master.zip,
https://github.com/LikeLikeAteMyShield/AbstractFactoryPattern/archive/master.zip,
https://github.com/upendralingareddygari/NearestNeighbor/archive/master.zip,
https://github.com/tiagoletsgo/SystemHorto/archive/master.zip,
https://github.com/xianc/MapReduce-w-Threads-Semaphores/archive/master.zip,
https://github.com/android-ia/packages_apps_Widgets/archive/master.zip,
https://github.com/xianc/Persistent-File-System/archive/master.zip,
https://github.com/zerohouse/next/archive/master.zip,
https://github.com/AnwarShahriar/ActivityRecognitionApiTest/archive/master.zip,
https://github.com/FizzHere/RpgPlugin/archive/master.zip,
https://github.com/sambenison66/Ring-Coordinator-Election-Algorithm-using-Java/archive/master.zip,
https://github.com/tliu17/Huffman/archive/master.zip,
https://github.com/tliu17/Maze/archive/master.zip,
https://github.com/happyabbi/Peachingthegospel/archive/master.zip,
https://github.com/usaindev/ycsb/archive/master.zip,
https://github.com/Squarion/sudokusolver/archive/master.zip,
https://github.com/tliu17/Hashing/archive/master.zip,
https://github.com/JotaSoft/Lasers/archive/master.zip,
https://github.com/Good4m/Tank-Assault-Android/archive/master.zip,
https://github.com/sambenison66/Chat_Application_using_Sockets/archive/master.zip,
https://github.com/EugeneHoran/ListView-Example/archive/master.zip,
https://github.com/artLopez/exercise3/archive/master.zip,
https://github.com/justinforlenza/staten-island-ferry-app/archive/master.zip,
https://github.com/smellyCa/GuessWhat/archive/master.zip,
https://github.com/rails-school/tiramisu/archive/master.zip,
https://github.com/mbouami/GestionCopropriete/archive/master.zip,
https://github.com/voodoodyne/htmleasy/archive/master.zip,
https://github.com/prisa1987/DeviceController/archive/master.zip,
https://github.com/voodoodyne/subethasmtp/archive/master.zip,
https://github.com/ychoudhary/OAuth2/archive/master.zip,
https://github.com/LLParse/COCLauncher/archive/master.zip,
https://github.com/PluginMakerBukkit/PluginMaker/archive/master.zip,
https://github.com/jacohend/AndroidSensors/archive/master.zip,
https://github.com/danohlin/SimpleDES/archive/master.zip,
https://github.com/mknutsen/ShootingGameAI/archive/master.zip,
https://github.com/mookie1097/IVDconnect/archive/master.zip,
https://github.com/dhval/spring-boot-rest/archive/master.zip,
https://github.com/dii14/Mosaic/archive/master.zip,
https://github.com/WyattPearson/CompleteWorksJava/archive/master.zip,
https://github.com/diogo-gsa/building-energy-meters-network-simulator/archive/master.zip,
https://github.com/Johney9/xws-wsBuilder/archive/master.zip,
https://github.com/dgassner/PlainOlNotes/archive/master.zip,
https://github.com/linsonzhao/2015S1-AndroidApp/archive/master.zip,
https://github.com/kartben/iotday-mqtt-lab/archive/master.zip,
https://github.com/russray2008/MyFirstApplication/archive/master.zip,
https://github.com/LordDraper/PingUrl/archive/master.zip,
https://github.com/JohnnyBekkestad/Maven-Muilti-Module-Design/archive/master.zip,
https://github.com/Bobe08/adatlekeres/archive/master.zip,
https://github.com/Milos/MetHotels/archive/master.zip,
https://github.com/jfedor2/nxt-remote-control/archive/master.zip,
https://github.com/nemui/lonebrewerwatchface/archive/master.zip,
https://github.com/meggermo/hierarchical-matrices/archive/master.zip,
https://github.com/jorian82/Projects/archive/master.zip,
https://github.com/jpweiser/Contacts/archive/master.zip,
https://github.com/rsatyasi/EfferentPatientCare/archive/master.zip,
https://github.com/moemgar/MilGarChat/archive/master.zip,
https://github.com/Jumping-alien-W-and-M/Jumping-Alien-2/archive/master.zip,
https://github.com/andrermartins/moneyit/archive/master.zip,
https://github.com/mikebegonis/XPense/archive/master.zip,
https://github.com/arenaq/spanish/archive/master.zip,
https://github.com/mvLaboratory/BrickBreaker/archive/master.zip,
https://github.com/safaariman/sliding-puzzle/archive/master.zip,
https://github.com/gregorysimpson13/WebSecProject2/archive/master.zip,
https://github.com/yoelfme/Sunshine/archive/master.zip,
https://github.com/jephillips/SQL_Test/archive/master.zip,
https://github.com/Mrignayni/Weather_Android/archive/master.zip,
https://github.com/lerichard95/rile-cs203-data2/archive/master.zip,
https://github.com/canalesb93/Simufactory/archive/master.zip,
https://github.com/kmcurtis/Code-Samples/archive/master.zip,
https://github.com/SistCoop/credito/archive/master.zip,
https://github.com/harrisca/carletonenergy/archive/master.zip,
https://github.com/petermelias/babson-space-invaders/archive/master.zip,
https://github.com/Mrignayni/ChargeUp_Android/archive/master.zip,
https://github.com/onespot/pivotal/archive/master.zip,
https://github.com/sephiroth74/OverlayMenu/archive/master.zip,
https://github.com/kingjon147/Final/archive/master.zip,
https://github.com/gwarr1234/test4/archive/master.zip,
https://github.com/iakovpetrovich/menjacnica/archive/master.zip,
https://github.com/NirvanTech/hadoop/archive/master.zip,
https://github.com/sudobash1/pb/archive/master.zip,
https://github.com/ezgie/tutorial-persistence-pure-java/archive/master.zip,
https://github.com/hannahpham/SplashScreenPractice/archive/master.zip,
https://github.com/culakm/EU4You/archive/master.zip,
https://github.com/CS321Group10/CS321_Hotel/archive/master.zip,
https://github.com/kraymond6/GenericsAndSets/archive/master.zip,
https://github.com/pvoosten/explicit-semantic-analysis/archive/master.zip,
https://github.com/mastasable/Homework7/archive/master.zip,
https://github.com/AustinMitchell/RandomMapGenerator/archive/master.zip,
https://github.com/Indigoway/cordova-plugin-a7printer/archive/master.zip,
https://github.com/HazemB/test/archive/master.zip,
https://github.com/PrajnaShetty/FabreadsRESTJerseyExample/archive/master.zip,
https://github.com/xiaomaogy/HTTP-HTTPS_Server-Implemented-by-Java-/archive/master.zip,
https://github.com/GuyKroizman/BucketFillToolExample/archive/master.zip,
https://github.com/Afrin14/DO-IT/archive/master.zip,
https://github.com/jn222na/ProjectWork_Year_1_Extended/archive/master.zip,
https://github.com/joshzana/algorithmia/archive/master.zip,
https://github.com/joshzana/Drollbox/archive/master.zip,
https://github.com/rulogarcillan/SignatureMaker/archive/master.zip,
https://github.com/jnayak1/Android-Project-2015/archive/master.zip,
https://github.com/tchandy/projetoweb/archive/master.zip,
https://github.com/ILDAR9/CI/archive/master.zip,
https://github.com/KikyoYahl/Locker/archive/master.zip,
https://github.com/jtib/projet-logiciel/archive/master.zip,
https://github.com/phil132/Gistribution_V1/archive/master.zip,
https://github.com/nicodemo87/kiosco/archive/master.zip,
https://github.com/ccguzmane/Ajedrez-30---03/archive/master.zip,
https://github.com/basantanihitesh/Digital-Wallet/archive/master.zip,
https://github.com/EloiseF/SEA_Project/archive/master.zip,
https://github.com/supernova-cmu/DataMining/archive/master.zip,
https://github.com/esaiz/SofiAlert/archive/master.zip,
https://github.com/jhcl/diversen/archive/master.zip,
https://github.com/dumchikov/android-chickens/archive/master.zip,
https://github.com/jcarter62/wut/archive/master.zip,
https://github.com/fenil06/School/archive/master.zip,
https://github.com/rabotond/Budapest-Nights/archive/master.zip,
https://github.com/LuisLavado/poli/archive/master.zip,
https://github.com/jlnunn2372/popper_test/archive/master.zip,
https://github.com/jgmos/JoinMe/archive/master.zip,
https://github.com/EVHSRobotics/RRushv2/archive/master.zip,
https://github.com/DiegoBrazil/AcoesFacil/archive/master.zip,
https://github.com/Krakitos/Pokedex/archive/master.zip,
https://github.com/johu/developers.gentoo.org/archive/master.zip,
https://github.com/mheneine/GhostHunter/archive/master.zip,
https://github.com/gwarr1234/test1/archive/master.zip,
https://github.com/ikhlef/informatique_statistique_java/archive/master.zip,
https://github.com/C21H30O2/Injector/archive/master.zip,
https://github.com/adelkhafizova/cdk/archive/master.zip,
https://github.com/KikyoYahl/Cycle/archive/master.zip,
https://github.com/matt24smith/Battleship/archive/master.zip,
https://github.com/KikyoYahl/CharacterArray/archive/master.zip,
https://github.com/keeganbuttimer/CountdownGame/archive/master.zip,
https://github.com/gilliardramos/igreja-batista-auriflama/archive/master.zip,
https://github.com/Chizh1/Bookarray/archive/master.zip,
https://github.com/anderojas1/observador/archive/master.zip,
https://github.com/ParthoShuvo/Android-Database/archive/master.zip,
https://github.com/twitter/netty-http2/archive/master.zip,
https://github.com/asutoshpalai/http-server/archive/master.zip,
https://github.com/square/moshi/archive/master.zip,
https://github.com/SvenDub/Dashboard/archive/master.zip,
https://github.com/AbsDeveloper/DiabloKit/archive/master.zip,
https://github.com/ILDAR9/DM/archive/master.zip,
https://github.com/vdzundza/HashMapCourse/archive/master.zip,
https://github.com/taylory5/MP3/archive/master.zip,
https://github.com/amasciul/UDPDiscoverer/archive/master.zip,
https://github.com/yxsu/jpetuum/archive/master.zip,
https://github.com/thergbway/MazeGame/archive/master.zip,
https://github.com/mammuth/Time-Reminder-Wear-App/archive/master.zip,
https://github.com/Ehb-IPG13/EHB-FastJobs/archive/master.zip,
https://github.com/fiddenmar/study/archive/master.zip,
https://github.com/CemAksoy/XMLVIsualizer/archive/master.zip,
https://github.com/olampropoulos/image-gallery/archive/master.zip,
https://github.com/Kintama/Kabelmanagement/archive/master.zip,
https://github.com/KikyoYahl/Room/archive/master.zip,
https://github.com/leetea/noisealert/archive/master.zip,
https://github.com/spring-cloud/spring-cloud-lattice/archive/master.zip,
https://github.com/rombat/CalculetteJavaV3/archive/master.zip,
https://github.com/viniciusccarvalho/nats-pub/archive/master.zip,
https://github.com/pankajsays/jtimekeeper/archive/master.zip,
https://github.com/danielsnipher/saldobilhete/archive/master.zip,
https://github.com/danielsnipher/j2memaprouteprovider/archive/master.zip,
https://github.com/SarahAlSultan/MaidBrigade/archive/master.zip,
https://github.com/gracevente/SoccerGame/archive/master.zip,
https://github.com/jordanywhite/OthelloAndroid/archive/master.zip,
https://github.com/jhonnybsg/CleanRameGameSample/archive/master.zip,
https://github.com/mziccard/secureit/archive/master.zip,
https://github.com/logankruse11/AugieArcher/archive/master.zip,
https://github.com/kschlorff16/PictureAlgorithm/archive/master.zip,
https://github.com/sergey-runov/WordNet/archive/master.zip,
https://github.com/adriansoghoian/breathe-messenger/archive/master.zip,
https://github.com/odija/welcometo/archive/master.zip,
https://github.com/lizadams/verdi_reader_bcon/archive/master.zip,
https://github.com/penguincoder/dfamin/archive/master.zip,
https://github.com/danielsnipher/blind-fiap-2011/archive/master.zip,
https://github.com/KikyoYahl/Library/archive/master.zip,
https://github.com/tlt31/Lab4/archive/master.zip,
https://github.com/risdenk/hbase-custom-replication-endpoint-example/archive/master.zip,
https://github.com/DShamaev/MyLastFMClient/archive/master.zip,
https://github.com/Sudakatux/gameoffour/archive/master.zip,
https://github.com/xwrjocl/Sunshine2/archive/master.zip,
https://github.com/unaveed/asteroids/archive/master.zip,
https://github.com/ikhlef/tortue_MVC_java/archive/master.zip,
https://github.com/MrClockOrange/Poker/archive/master.zip,
https://github.com/abdulmerhi11/StickyFallingBalls/archive/master.zip,
https://github.com/rmayr/privatenotes-tomdroid/archive/master.zip,
https://github.com/charithe/hbase-junit/archive/master.zip,
https://github.com/redintellect/SimpleTodoList/archive/master.zip,
https://github.com/annayliu/Elevator/archive/master.zip,
https://github.com/minman/wicketforge/archive/master.zip,
https://github.com/seredasv/CrashCamera/archive/master.zip,
https://github.com/Rodisi/Ex13Agenda/archive/master.zip,
https://github.com/jlnunn2372/Another-Test/archive/master.zip,
https://github.com/Rodisi/Ex15Sensores/archive/master.zip,
https://github.com/epwn/LeaveNoTrace/archive/master.zip,
https://github.com/joaojusto/Weather/archive/master.zip,
https://github.com/EKordik/GenericsAndMaps/archive/master.zip,
https://github.com/jlrussell/downloader/archive/master.zip,
https://github.com/james1022/Joon-Hyuck-Choi-Stack-and-PostfixEvaluator/archive/master.zip,
https://github.com/james1022/Joon-Hyuck-Choi-AvlTree/archive/master.zip,
https://github.com/james1022/Joon-Hyuck-Choi-ExpressionTree/archive/master.zip,
https://github.com/james1022/Joon-Hyuck-Choi-Maze/archive/master.zip,
https://github.com/emilyleazer11/WordBoggle/archive/master.zip,
https://github.com/chrisschroeder92/Phoenix/archive/master.zip,
https://github.com/Rodisi/Ex12Gps/archive/master.zip,
https://github.com/csdms-contrib/wilsim/archive/master.zip,
https://github.com/jamiechristian11/MASH/archive/master.zip,
https://github.com/daniellebryant/ConnectFive/archive/master.zip,
https://github.com/kevinmoses/GsonApp/archive/master.zip,
https://github.com/Tyrtle/IndividualGame/archive/master.zip,
https://github.com/ronenfilho/Medical/archive/master.zip,
https://github.com/mirabon/PrototypeV2/archive/master.zip,
https://github.com/ronenfilho/sunshine_by_ronen/archive/master.zip,
https://github.com/rubenVillca/BuscadorTexto/archive/master.zip,
https://github.com/atw1214/PracticeAppArt/archive/master.zip,
https://github.com/serg72u/PrimeNumbers/archive/master.zip,
https://github.com/mrabaev48/CurrencyVer3/archive/master.zip,
https://github.com/CharlesMrl/NetworkSocket/archive/master.zip,
https://github.com/freegreek/jforumsecuresso/archive/master.zip,
https://github.com/xcerox/libreriajRR/archive/master.zip,
https://github.com/freegreek/openthesaurus-gr-android/archive/master.zip,
https://github.com/DavidEighmey/Java/archive/master.zip,
https://github.com/asmita93/Final1/archive/master.zip,
https://github.com/christor/rest-order-service/archive/master.zip,
https://github.com/GoogleCloudPlatform/appengine-java-snippets/archive/master.zip,
https://github.com/chengkaizone/weixin/archive/master.zip,
https://github.com/jschneider/com.cedarsoft.otec.lecture/archive/master.zip,
https://github.com/Kloudtek/teamcity-configurator/archive/master.zip,
https://github.com/eelpie/squadlist-api-client/archive/master.zip,
https://github.com/ymenager/teamcity-configurator/archive/master.zip,
https://github.com/Auchindoun/EDC/archive/master.zip,
https://github.com/ClaudioNazareth/examecontroler/archive/master.zip,
https://github.com/Kevin-Jin/bloomberg-helper-daemon/archive/master.zip,
https://github.com/lifecodemohit/Android-Server-Connect/archive/master.zip,
https://github.com/spiritistz/Project-HiFilm/archive/master.zip,
https://github.com/DanielFabian/DataStructuresAndAlgorithms/archive/master.zip,
https://github.com/upendralingareddygari/Data-Structures/archive/master.zip,
https://github.com/netstart/POCs/archive/master.zip,
https://github.com/diplomaofsoftware/java/archive/master.zip,
https://github.com/coroom/The-AO-Project/archive/master.zip,
https://github.com/FRC-Team-399-EagleRobotics/FRC0399-Code-2012/archive/master.zip,
https://github.com/JMarcosSF/SkyBabbleWizard/archive/master.zip,
https://github.com/vehicle-history/vehicle-history-android/archive/master.zip,
https://github.com/FancyCardGame/AAUno/archive/master.zip,
https://github.com/minman/browse-word-at-caret/archive/master.zip,
https://github.com/dcm4che/dcm4chee-integration-examples/archive/master.zip,
https://github.com/niosus/LearnIt-Reincarnation/archive/master.zip,
https://github.com/jeremux/web-service/archive/master.zip,
https://github.com/delargo/we-heart-pics-test/archive/master.zip,
https://github.com/ayush/swagger-samples/archive/master.zip,
https://github.com/dheerajbsc/mycode/archive/master.zip,
https://github.com/sega0113/test/archive/master.zip,
https://github.com/rvs-fluid-it/wizard-in-a-box/archive/master.zip,
https://github.com/mi9rom/achartengine/archive/master.zip,
https://github.com/potito-coluccelli/vaadinSpringMvp/archive/master.zip,
https://github.com/Artur-/customdatefield/archive/master.zip,
https://github.com/hmartiro/android-arduino-bluetooth/archive/master.zip,
https://github.com/Ibanheiz/java-jsf-spring/archive/master.zip,
https://github.com/EpiphanTest1/qaTestMavenProject/archive/master.zip,
https://github.com/noullet/corba/archive/master.zip,
https://github.com/DonnerPartyOfOne/4604HW5/archive/master.zip,
https://github.com/mbonaci/solr-data-import-scheduler/archive/master.zip,
https://github.com/flyaruu/tasman/archive/master.zip,
https://github.com/prosicraft/BukkitWrapper/archive/master.zip,
https://github.com/pswongae/150331_lab/archive/master.zip,
https://github.com/sivang/MyRSS_flat/archive/master.zip,
https://github.com/tphoney/xbmc-content-compare/archive/master.zip,
https://github.com/whoisronnoc/Poop/archive/master.zip,
https://github.com/codacy/codacy-api-java/archive/master.zip,
https://github.com/tphoney/music-share-sync/archive/master.zip,
https://github.com/camunda-ci/camunda-dattln/archive/master.zip,
https://github.com/tphoney/xbmc-offline-content-scanner/archive/master.zip,
https://github.com/whoisronnoc/SpacePlugin/archive/master.zip,
https://github.com/whoisronnoc/SlackChat/archive/master.zip,
https://github.com/whoisronnoc/MIFU/archive/master.zip,
https://github.com/penzomassimo/guessme_game_android_project/archive/master.zip,
https://github.com/whoisronnoc/ServerInterface/archive/master.zip,
https://github.com/VovaNazarenko/SimpleAndroidApp/archive/master.zip,
https://github.com/tphoney/music-cohesion/archive/master.zip,
https://github.com/rlbozhko/SensorApp/archive/master.zip,
https://github.com/livelovelearn/SimpleJava/archive/master.zip,
https://github.com/lluidesia/lost-and-found_android/archive/master.zip,
https://github.com/frankhucek/Huffman_Encoding_Project/archive/master.zip,
https://github.com/AxelSilvestre/iutvalence-java-tp-2015-g3f-binome2/archive/master.zip,
https://github.com/immlf/SynthControl/archive/master.zip,
https://github.com/fabiuz7/MapReducePageRank/archive/master.zip,
https://github.com/ThibBal/twitter-trends/archive/master.zip,
https://github.com/vtch99/WeChat-Bus-Audio-App/archive/master.zip,
https://github.com/ChatProject/P2PChat/archive/master.zip,
https://github.com/BThacker/codingbatJAVA/archive/master.zip,
https://github.com/rex073521/Homework3_1/archive/master.zip,
https://github.com/prisa1987/Triary_mobile/archive/master.zip,
https://github.com/alibaba/java-dns-cache-manipulator/archive/master.zip,
https://github.com/aurora-lzzp/AuroraTaskofJavaZXS/archive/master.zip,
https://github.com/spbp/simple-boilerplate/archive/master.zip,
https://github.com/rsertelon/spring-gwtrpc/archive/master.zip,
https://github.com/robinpipirs/AOOP-2015-ROBIN-PIPIRS/archive/master.zip,
https://github.com/ProfessionalHerokuProgramming/ch12-spring-tomcat-roo-example/archive/master.zip,
https://github.com/raphi011/sepm_single/archive/master.zip,
https://github.com/rhizomik/redefer-rdf2html/archive/master.zip,
https://github.com/matterickson/missionariesandcannibals/archive/master.zip,
https://github.com/ethush/AndroidTouchGallery/archive/master.zip,
https://github.com/rsv355/DemoViewPager/archive/master.zip,
https://github.com/val1984/tokenfield/archive/master.zip,
https://github.com/tynx/JiraGDriveSync/archive/master.zip,
https://github.com/igrief15/KiangParty/archive/master.zip,
https://github.com/silviuavram/Laborator04/archive/master.zip,
https://github.com/TheRijn/PebblApp/archive/master.zip,
https://github.com/linkinamine/Oauth/archive/master.zip,
https://github.com/kesdeband/Speedometer/archive/master.zip,
https://github.com/EmergencyBattle/Pfi3_2015_Emilia_L/archive/master.zip,
https://github.com/Nathou974/Multichat/archive/master.zip,
https://github.com/yanxch/fizzbuzz/archive/master.zip,
https://github.com/pintianz/DeceptiveRobotMotion/archive/master.zip,
https://github.com/jpelloux/iutvalence-java-tp-2015-g3f-binome7/archive/master.zip,
https://github.com/have-a-look/mbz-micro/archive/master.zip,
https://github.com/DZRock/Metrolog/archive/master.zip,
https://github.com/clement-tourriere/elasticsearch-synonyms-reloader/archive/master.zip,
https://github.com/rsv355/Demotabbar/archive/master.zip,
https://github.com/Sidereo/Paparazzi/archive/master.zip,
https://github.com/spbp/api-plugin-boilerplate/archive/master.zip,
https://github.com/143talita/teste-login-adm/archive/master.zip,
https://github.com/ygou/Spring3/archive/master.zip,
https://github.com/vikasmc/SocketProgramming-Application/archive/master.zip,
https://github.com/LearnLib/learnlib-rest-example/archive/master.zip,
https://github.com/siddmishra/Java_8_In_action/archive/master.zip,
https://github.com/bhargavchippada/Clickr/archive/master.zip,
https://github.com/tune-it/topnews-portlet/archive/master.zip,
https://github.com/di-ruan/BestEat_BackEnd/archive/master.zip,
https://github.com/wukunguang/identifyingDemo/archive/master.zip,
https://github.com/Jumping-alien-W-and-M/Jumping-alien/archive/master.zip,
https://github.com/EricssonResearch/openwebrtc-android-sdk/archive/master.zip,
https://github.com/TuxedoMaskMasterRace/testagain/archive/master.zip,
https://github.com/TBtomislav/javaProjetMemoire/archive/master.zip,
https://github.com/RedingG/QRCard/archive/master.zip,
https://github.com/chevalier-88/StorageOfCityName/archive/master.zip,
https://github.com/matthewsaba66/MASCSearch/archive/master.zip,
https://github.com/TuxedoMaskMasterRace/SEP/archive/master.zip,
https://github.com/BlakeXiaoLong/Final-Project/archive/master.zip,
https://github.com/HsiaoWenHui/U10316049_HW3_11_8/archive/master.zip,
https://github.com/dennisjeff/SEP/archive/master.zip,
https://github.com/Holmaren/IRLab/archive/master.zip,
https://github.com/godrad/GithubTest/archive/master.zip,
https://github.com/andrewpang/CS2105_Assignment3/archive/master.zip,
https://github.com/mtudora/landoftimmy/archive/master.zip,
https://github.com/rdhjr81/OOA7/archive/master.zip,
https://github.com/dennisjeff/testagain/archive/master.zip,
https://github.com/ubicity-principal/ubicity-rest/archive/master.zip,
https://github.com/rilakkumao/GitHub/archive/master.zip,
https://github.com/ThatOtakuGuy/GitHubTest/archive/master.zip,
https://github.com/ama1986/PaylevenAndroidAutomation/archive/master.zip,
https://github.com/danieldutton/Flashlight-Plus/archive/master.zip,
https://github.com/anshooarora/extentreports/archive/master.zip,
https://github.com/antonwolf/calendarwidget/archive/master.zip,
https://github.com/alero/java-simple-utils/archive/master.zip,
https://github.com/kawsar-ahmed/file-folder-tracking-spy/archive/master.zip,
https://github.com/huy/hotspot_jvm_notes/archive/master.zip,
https://github.com/evdokimovnm/eshop/archive/master.zip,
https://github.com/yozhao/netty-hello-world/archive/master.zip,
https://github.com/netixx/NoteDown/archive/master.zip,
https://github.com/gridgain/yardstick-hazelcast/archive/master.zip,
https://github.com/pivotal/cf-env/archive/master.zip,
https://github.com/huweiko/ScanningStreet/archive/master.zip,
https://github.com/wenjiang/SimpleUIFramework/archive/master.zip,
https://github.com/aatxe/tomato/archive/master.zip,
https://github.com/kaedelulu/U10316015_HW3_11_8/archive/master.zip,
https://github.com/Unihedro/JavaBot/archive/master.zip,
https://github.com/roma/roma-java-client-lite/archive/master.zip,
https://github.com/letimome/pokerSPL-assets/archive/master.zip,
https://github.com/lr86/jepialert-logviewer/archive/master.zip,
https://github.com/OpenDataNode/UVPlugin-filesToCKAN/archive/master.zip,
https://github.com/Coryyo/LocalisationVelov/archive/master.zip,
https://github.com/lr86/jepialert/archive/master.zip,
https://github.com/OpenDataNode/UVPlugin-rdfToCKAN/archive/master.zip,
https://github.com/lzh9102/qrcode-desktop/archive/master.zip,
https://github.com/shaheerszm/Listview-test/archive/master.zip,
https://github.com/DZRock/MonitoringService/archive/master.zip,
https://github.com/naver/rotatableviewsample/archive/master.zip,
https://github.com/OpenDataNode/UVPlugin-relationalDiffToCKAN/archive/master.zip,
https://github.com/abraxasson/amarino/archive/master.zip,
https://github.com/GugleGH/sms-bank-listener/archive/master.zip,
https://github.com/CMTelecom/Hybrid-Messaging/archive/master.zip,
https://github.com/moci/GlassX/archive/master.zip,
https://github.com/GugleGH/proba-pera/archive/master.zip,
https://github.com/palagen/DBMySQLConnection/archive/master.zip,
https://github.com/yanaga-samples/android-querydsl/archive/master.zip,
https://github.com/andreeastoican/PracticalTest01/archive/master.zip,
https://github.com/Dataspin/Dataspin-Android-Plugin/archive/master.zip,
https://github.com/gunantosteven/android-project-samples/archive/master.zip,
https://github.com/lerno/naga/archive/master.zip,
https://github.com/smdremedy/funwithfragments/archive/master.zip,
https://github.com/shelajev/ziprebl/archive/master.zip,
https://github.com/FutureProcessing/document-juggler-versioning/archive/master.zip,
https://github.com/waykar-prashant/PollingApplication/archive/master.zip,
https://github.com/springprojects/spring-boot-demos/archive/master.zip,
https://github.com/5fOthoca/Sub-Ways-To-Surf/archive/master.zip,
https://github.com/asleepcat/An-electric-charge-system/archive/master.zip,
https://github.com/vamsi-emani/twixy/archive/master.zip,
https://github.com/vcsupser/netty/archive/master.zip,
https://github.com/EdduMelendez/slack-connector/archive/master.zip,
https://github.com/StefanCiotec/Laborator05/archive/master.zip,
https://github.com/reactome/Fireworks/archive/master.zip,
https://github.com/boukestam/rolstoel/archive/master.zip,
https://github.com/silviqpetrova1992/InputAndOutput/archive/master.zip,
https://github.com/ilkinabdullayev/SpringHibernateSample/archive/master.zip,
https://github.com/lerno/xmlwise/archive/master.zip,
https://github.com/butterflylove/leetcode/archive/master.zip,
https://github.com/thedrover/android-integration-test-patterns/archive/master.zip,
https://github.com/alexditu/PDSD-Lab05/archive/master.zip,
https://github.com/josinmartinez/DiscreteOptimization/archive/master.zip,
https://github.com/ypriverol/peptide-repo-fetch/archive/master.zip,
https://github.com/soareionmihai/PracticeMakesPerfect/archive/master.zip,
https://github.com/Starodubenko/AngularJS/archive/master.zip,
https://github.com/chenyi2013/DownloadFileLibs/archive/master.zip,
https://github.com/QuadFlask/FloatingActionMenu/archive/master.zip,
https://github.com/mnosov89/WebServer/archive/master.zip,
https://github.com/TP-gitHub/tp7/archive/master.zip,
https://github.com/maosmurf/tapestry-jsug/archive/master.zip,
https://github.com/pradipshinde/core-java-examples/archive/master.zip,
https://github.com/goldSpace/myfirstgitrepository/archive/master.zip,
https://github.com/kyaloj/java_stuff/archive/master.zip,
https://github.com/aalexx-S/android-practice/archive/master.zip,
https://github.com/fouadchamoun/RESB_dynamic_project/archive/master.zip,
https://github.com/ltigers/OpenLocalImage/archive/master.zip,
https://github.com/przodownikR1/jmsKata/archive/master.zip,
https://github.com/tuxedo0801/slicKnx/archive/master.zip,
https://github.com/ninam2/pcp-happyIndex/archive/master.zip,
https://github.com/magro/msm-xstream-serializer/archive/master.zip,
https://github.com/magro/msm-jackson-serializer/archive/master.zip,
https://github.com/bclement/inverted-index/archive/master.zip,
https://github.com/mauricio/jetty-websocket-producer/archive/master.zip,
https://github.com/mauricio/jetty-websocket-client/archive/master.zip,
https://github.com/get-a-clue/PollServerQueueExample/archive/master.zip,
https://github.com/CovaDax/codeLearner/archive/master.zip,
https://github.com/Toruk/2048O/archive/master.zip,
https://github.com/GunaseelanArumaikkannu/ListFragment/archive/master.zip,
https://github.com/death2all110/packages_apps_BlissPapers/archive/master.zip,
https://github.com/gsharma-ilstu/JBehave/archive/master.zip,
https://github.com/sbiermann/eclipselink-test/archive/master.zip,
https://github.com/lsjwzh/MediaPlayerEx/archive/master.zip,
https://github.com/ben-ou/MyFirstApp/archive/master.zip,
https://github.com/wynot12/bdcs_assignment1/archive/master.zip,
https://github.com/kavithagee/SimpleToDo/archive/master.zip,
https://github.com/jexp/spring-data-kickstart/archive/master.zip,
https://github.com/zhangliukun/SpirngMVC-Hibernate-BasicFrame/archive/master.zip,
https://github.com/NanJIang1992/DB_homework_JDBC_NanJiang/archive/master.zip,
https://github.com/BenTobias/CS2105-Lab-2/archive/master.zip,
https://github.com/Yao-Liu/CS5200-hw4-YL/archive/master.zip,
https://github.com/showoowohs/Po_Android_Tree/archive/master.zip,
https://github.com/EdwardRaff/JSAT-vs-Weka-MNIST/archive/master.zip,
https://github.com/esphung/Java_GraderApplet/archive/master.zip,
https://github.com/iwojima/voice-client-example/archive/master.zip,
https://github.com/jmanico/owasp-java-encoder/archive/master.zip,
https://github.com/BillyLaney/InteractiveStory/archive/master.zip,
https://github.com/melusom/AWS-EC2-and-SES-Test/archive/master.zip,
https://github.com/Groupe16/Events/archive/master.zip,
https://github.com/chiller/axades/archive/master.zip,
https://github.com/making/new-controller/archive/master.zip,
https://github.com/pgupta04/EntityFileSystem/archive/master.zip,
https://github.com/slidenerd/SimplePreferencesExample/archive/master.zip,
https://github.com/konaboy32/feelingluckylauncher/archive/master.zip,
https://github.com/Paladz/Bitcoin-Andriod-Wallet/archive/master.zip,
https://github.com/lfdversluis/FDDG/archive/master.zip,
https://github.com/ricardoogliari/ActivityRelativeLinearLayouts/archive/master.zip,
https://github.com/java-irclib/irclib/archive/master.zip,
https://github.com/yangfanhaorb/SplitTrip-HackSmith/archive/master.zip,
https://github.com/fcriscuo/spark12dev/archive/master.zip,
https://github.com/melia8/springmvc-hsqldb-hibernate-example/archive/master.zip,
https://github.com/CS442Team5/location/archive/master.zip,
https://github.com/kp1381/Various-ACM-Problems/archive/master.zip,
https://github.com/mbartoszuk/mastermind/archive/master.zip,
https://github.com/Flow/events/archive/master.zip,
https://github.com/hemanthgeddada/MavRide/archive/master.zip,
https://github.com/greggian/flugtag/archive/master.zip,
https://github.com/nicedream06/MotoXNetActivity/archive/master.zip,
https://github.com/dlillard/MusicProject/archive/master.zip,
https://github.com/PhalguniRajkumar/Expense_Manager-Android/archive/master.zip,
https://github.com/lucazamador/nmj-editor/archive/master.zip,
https://github.com/marnun/Talmud/archive/master.zip,
https://github.com/AbdulMuhsinSE/NoteFeed/archive/master.zip,
https://github.com/erhs-robotics/Kalman-Filter/archive/master.zip,
https://github.com/macbury/zanbox/archive/master.zip,
https://github.com/Fachschaft07/fs-presence/archive/master.zip,
https://github.com/HeisenBugDev/QuantumCraft-old/archive/master.zip,
https://github.com/oldratlee/java-dns-cache-manipulator/archive/master.zip,
https://github.com/shisholik/pages/archive/master.zip,
https://github.com/dfraser/cerberus-prox/archive/master.zip,
https://github.com/dfraser/coffeehouse/archive/master.zip,
https://github.com/jbentyn/TrainCollServer/archive/master.zip,
https://github.com/Lighted/Bargraph/archive/master.zip,
https://github.com/svendahlstrand/sitevision-booli/archive/master.zip,
https://github.com/OrenEfron/oknetflix/archive/master.zip,
https://github.com/ShadowDog007/Horses/archive/master.zip,
https://github.com/Raizlabs/AndroidWebServiceManager/archive/master.zip,
https://github.com/edlectrico/android-foursquare-client/archive/master.zip,
https://github.com/alifanuraniputri/ElGamal-EllipticCurveCryptography/archive/master.zip,
https://github.com/Smart-Aquarium-KU/Smart-Aquarium/archive/master.zip,
https://github.com/BlueLuffy/CYXBS_V2/archive/master.zip,
https://github.com/frigidrain/calenbradar/archive/master.zip,
https://github.com/RicPap/SiWGid/archive/master.zip,
https://github.com/talenguyen/LockScreenSample/archive/master.zip,
https://github.com/abelouso/heli-opengl-sim/archive/master.zip,
https://github.com/WBittner/HackPSUPong/archive/master.zip,
https://github.com/WBittner/HackPSUGameEngine/archive/master.zip,
https://github.com/lukas-vlcek/SpringValueAnnotationTest/archive/master.zip,
https://github.com/dhrod0325/GoogleCalendar/archive/master.zip,
https://github.com/elastic/elasticsearch-lang-groovy/archive/master.zip,
https://github.com/elastic/elasticsearch-hdfs/archive/master.zip,
https://github.com/steineron/UnitTestApplication1/archive/master.zip,
https://github.com/BipinBhandari/DrawingApp/archive/master.zip,
https://github.com/z-ch/Ticket-to-ride/archive/master.zip,
https://github.com/EdduMelendez/mybatis-batch-ldap/archive/master.zip,
https://github.com/EdduMelendez/jersey-async-demo/archive/master.zip,
https://github.com/MDBK/WebStore/archive/master.zip,
https://github.com/wizk1d/Android-Pushbullet/archive/master.zip,
https://github.com/awendland/WarpPortals-AnalyticsServer/archive/master.zip,
https://github.com/sofronaspe/Monopoly-AI/archive/master.zip,
https://github.com/Manuelexsa/AccesoArchivo/archive/master.zip,
https://github.com/baveltman/DragAndDraw/archive/master.zip,
https://github.com/afstu/engineload/archive/master.zip,
https://github.com/rchappuis/Focus/archive/master.zip,
https://github.com/ygou/Java7/archive/master.zip,
https://github.com/LynxUA/WhatToWear/archive/master.zip,
https://github.com/Daaarkling/vegFinder/archive/master.zip,
https://github.com/ferzerkerx/testHackerRank/archive/master.zip,
https://github.com/zivlakmilos/Android_Kviz/archive/master.zip,
https://github.com/Stback/IPC1_TareaEspecial/archive/master.zip,
https://github.com/gothwski/material-tabs/archive/master.zip,
https://github.com/michal55/AI_2/archive/master.zip,
https://github.com/SuperOmegaCow/SkypeServer/archive/master.zip,
https://github.com/CWDN/RollingAutomation/archive/master.zip,
https://github.com/intenthq/icicle/archive/master.zip,
https://github.com/Borlea/ArmorEquipEvent/archive/master.zip,
https://github.com/naitsirc/GE-Competition/archive/master.zip,
https://github.com/camilo1906/intento-de-shell/archive/master.zip,
https://github.com/rahulgsalecha/app_hop_move/archive/master.zip,
https://github.com/yangfanhaorb/HackSmithBackend/archive/master.zip,
https://github.com/maruohon/paintedbiomes/archive/master.zip,
https://github.com/phantamanta44/eWarp/archive/master.zip,
https://github.com/maxxts/SIA-1C2015/archive/master.zip,
https://github.com/nsgeorgi/Sudoku/archive/master.zip,
https://github.com/yoallii/Soccer-Java/archive/master.zip,
https://github.com/OfficeDev/O365-Android-Connect/archive/master.zip,
https://github.com/nsgeorgi/Hadoop_ID3/archive/master.zip,
https://github.com/ethanthomas/Nameless/archive/master.zip,
https://github.com/antifriz/zetcheck/archive/master.zip,
https://github.com/Blahord/FastRegexp/archive/master.zip,
https://github.com/msoltysik/SelectedTopicsFromAlgebra/archive/master.zip,
https://github.com/BrendiisFox/Progra2Examen2/archive/master.zip,
https://github.com/andreacomo/tomcat-jwt-security/archive/master.zip,
https://github.com/alvaroCoelho/Mimposto/archive/master.zip,
https://github.com/privettoli/play-sitemaps-generator/archive/master.zip,
https://github.com/provirabosch/XPDroid/archive/master.zip,
https://github.com/sergiomattioli/RetroFitExample/archive/master.zip,
https://github.com/defrac/defrac-sample-surface/archive/master.zip,
https://github.com/jelmnainen/ohtu-laskarit/archive/master.zip,
https://github.com/faustineinsun/SparkPlayground/archive/master.zip,
https://github.com/EasyBatch/easybatch-tutorials/archive/master.zip,
https://github.com/pmauduit/sample-webapp/archive/master.zip,
https://github.com/ikai/android-photoshare-demo/archive/master.zip,
https://github.com/lvniqi/Android_DSO/archive/master.zip,
https://github.com/hkamran/JavaAsteroidGame/archive/master.zip,
https://github.com/hotshot2162/Unscramble/archive/master.zip,
https://github.com/Ceutec/Progra2Examen2/archive/master.zip,
https://github.com/emacdona/polydraw/archive/master.zip,
https://github.com/jimmikristensen/asciidoc-archive-ws/archive/master.zip,
https://github.com/aguiarmarcelo/ProjetoCnes/archive/master.zip,
https://github.com/eranharel/pajamas-proxy/archive/master.zip,
https://github.com/grigoriy/gwt-study/archive/master.zip,
https://github.com/loosebruce/hmac_base64.java/archive/master.zip,
https://github.com/AlecH92/DeskLights128.android/archive/master.zip,
https://github.com/elkoutwest/filo/archive/master.zip,
https://github.com/partnet/seauto-jbehave-sample/archive/master.zip,
https://github.com/markfili/vvg-java-labos/archive/master.zip,
https://github.com/KenG98/SoundOff/archive/master.zip,
https://github.com/piotrgorak93/KonkursStreamsoft/archive/master.zip,
https://github.com/Akila-Sandakelum/AdVid_Android/archive/master.zip,
https://github.com/cebenso2/test/archive/master.zip,
https://github.com/ngruenefeld/Enigma/archive/master.zip,
https://github.com/siiie/Bullzye/archive/master.zip,
https://github.com/Algirdyz/UdacityReddit/archive/master.zip,
https://github.com/ipod825/ChatRoom/archive/master.zip,
https://github.com/KSUploader/KSUploader-server/archive/master.zip,
https://github.com/JavaWoW/JavaWoW/archive/master.zip,
https://github.com/acogoluegnes/Spring-Integration-MongoDB/archive/master.zip,
https://github.com/iamapunkmonkey/rabbit/archive/master.zip,
https://github.com/PeteyPabPro/threes-engine/archive/master.zip,
https://github.com/noriakijr/gestao-projetos/archive/master.zip,
https://github.com/fernandezpablo85/TokenExchangeSample/archive/master.zip,
https://github.com/qchereau/personalWebsite/archive/master.zip,
https://github.com/hbkeepmoving/DroCloud/archive/master.zip,
https://github.com/TreeFrogApps/ChaChingExchange/archive/master.zip,
https://github.com/contentful/gallery-app-android/archive/master.zip,
https://github.com/jmueller30/DiceWars/archive/master.zip,
https://github.com/VKEDCO/DrawTouchDrive_00001/archive/master.zip,
https://github.com/VKEDCO/ImageTouchDrive_00001/archive/master.zip,
https://github.com/155martinmoreno/android-dev-utils/archive/master.zip,
https://github.com/mijecu25/personal-backup/archive/master.zip,
https://github.com/KSUploader/KSUploader-client/archive/master.zip,
https://github.com/prativa/mutliple_app_widget/archive/master.zip,
https://github.com/mdhheydari/freeTank/archive/master.zip,
https://github.com/PaddyDwyer/ProcessingProjects/archive/master.zip,
https://github.com/npruehs/Thorup/archive/master.zip,
https://github.com/jungwoonshin/cs440_02/archive/master.zip,
https://github.com/eugenp/cloudControl/archive/master.zip,
https://github.com/prabathariyaratna/cuubez/archive/master.zip,
https://github.com/nativelibs4java/jalico/archive/master.zip,
https://github.com/shawnxiaogit/QS_SDK/archive/master.zip,
https://github.com/leveluplunch/011-add-servlet-mapping-to-dispatcherservlet-spring-boot/archive/master.zip,
https://github.com/egorfa/MuseumMe/archive/master.zip,
https://github.com/sxyx2008/jbpm4_leave-webapp/archive/master.zip,
https://github.com/somish/socialauth-android/archive/master.zip,
https://github.com/DanielGronau/highj/archive/master.zip,
https://github.com/sxyx2008/mahout-quickstart/archive/master.zip,
https://github.com/maxwe/maxwe-android-utils/archive/master.zip,
https://github.com/tinyMediaManager/scraper-ofdb/archive/master.zip,
https://github.com/charliecheng/IK2213-Webmail/archive/master.zip,
https://github.com/OanceaLucian/Lab-pa-2014/archive/master.zip,
https://github.com/toropov023/SmartBoard/archive/master.zip,
https://github.com/budgester/spring-deploy/archive/master.zip,
https://github.com/mstahv/swipe-and-slide/archive/master.zip,
https://github.com/tinyMediaManager/scraper-imdb/archive/master.zip,
https://github.com/tinyMediaManager/scraper-tmdb/archive/master.zip,
https://github.com/leqwang/spring-boot-mvc/archive/master.zip,
https://github.com/MrRobByrne/Java2/archive/master.zip,
https://github.com/razvanflorea/Image-Segmentation-in-Java/archive/master.zip,
https://github.com/learc83/toastyAndroidGym/archive/master.zip,
https://github.com/lizhifu/weather/archive/master.zip,
https://github.com/SimpleAOSP-Lollipop/platform_packages_apps_PhoneCommon/archive/master.zip,
https://github.com/linkinwong/create-parallel-corpus/archive/master.zip,
https://github.com/arezkibe/tamagotchi/archive/master.zip,
https://github.com/nitinwagadia/Android_Acronym/archive/master.zip,
https://github.com/CardCoffer/cardcoffer-android-studio/archive/master.zip,
https://github.com/vanessaj/WalkMeThroughIt/archive/master.zip,
https://github.com/saalfeldlab/intensity-transform/archive/master.zip,
https://github.com/mgramins/problems/archive/master.zip,
https://github.com/wiarlawd/database.v3/archive/master.zip,
https://github.com/GeorgeThoppil/SpellChecker/archive/master.zip,
https://github.com/Stoyicker/Twizer/archive/master.zip,
https://github.com/ebratini/i-review/archive/master.zip,
https://github.com/unpsjb-pm/labprog/archive/master.zip,
https://github.com/ebratini/sysads/archive/master.zip,
https://github.com/vzaliva/javadrone/archive/master.zip,
https://github.com/ebratini/jalgor/archive/master.zip,
https://github.com/vzaliva/sbautologin/archive/master.zip,
https://github.com/nerdless/Whatsapp_Clone/archive/master.zip,
https://github.com/TooLeGit/Java-Paint/archive/master.zip,
https://github.com/albuquerquev/urlping/archive/master.zip,
https://github.com/mbax/TagAPI/archive/master.zip,
https://github.com/de-jcup/code2doc/archive/master.zip,
https://github.com/DonnerPartyOfOne/3744PR1/archive/master.zip,
https://github.com/welkman/funcito/archive/master.zip,
https://github.com/SuperSanders/cube-orm/archive/master.zip,
https://github.com/nnp1997/DeadReckoning/archive/master.zip,
https://github.com/Pablo-r4001/CodeExperiments/archive/master.zip,
https://github.com/shevek/simple-xml-serializers/archive/master.zip,
https://github.com/martinconic/Jsoup_on_Android/archive/master.zip,
https://github.com/sfcoding-school/YTCatcher/archive/master.zip,
https://github.com/PavelDusek/WikiGrothModels/archive/master.zip,
https://github.com/lr10z/cst236_lab3/archive/master.zip,
https://github.com/Ishneetkaur/CMPE275_AOP/archive/master.zip,
https://github.com/giofrancisco/Gio/archive/master.zip,
https://github.com/ltamm/travelmon/archive/master.zip,
https://github.com/cswatt/advanced-db/archive/master.zip,
https://github.com/mkuthan/m4enterprise/archive/master.zip,
https://github.com/fsi-hska/erstiduell/archive/master.zip,
https://github.com/tbrito/finapp/archive/master.zip,
https://github.com/subworx/LenovoMultiWindowMod/archive/master.zip,
https://github.com/adnanqurais/MyApplication/archive/master.zip,
https://github.com/nspotrepka/WaveformApproximation/archive/master.zip,
